time, pkt length, data rate (bps)
0, 157, 0
21.9400634765625, 107, 1256
1.403228759765625, 82, 5792
22.343963623046875, 107, 5592
