time, pkt length
0, 157
3.7636215686798096, 82
1.9730322360992432, 107
2.338494300842285, 82
4.18085503578186, 132
4.4704248905181885, 107
6.132054567337036, 107
