time, pkt length, dataRate (bps)
0, 157, 0
20.8160400390625, 107, 
2.501251220703125, 82, 
