time, pkt length
0, 157
0.9898736476898193, 82
1.1499779224395752, 107
0.6249949932098389, 82
2.5266449451446533, 132
1.0647821426391602, 107
1.5330517292022705, 107
