time, pkt length
0, 157
21.414886474609375, 107
0.399200439453125, 82
30.720703125, 107
0.200164794921875, 82
41.428741455078125, 132
19.3157958984375, 107
30.900115966796875, 107
